Name,freemartId,freemartName,$,FMC
pool,1000000001.0,pool,0.011576250000000003,149.0
Coolpaper#2615,1.0,Alexander,0.2375,169.35
JJT435#9801,5.0,JJT435,0.12437499999999999,1743.0
Capitalist Goose#0186,12.0,CapitalistGo,0.5,622.31
Purritty#9875,3.0,Purritty,0.6,703.03
Woodsie#4719,8.0,Woodsie,0.5396737500000002,588.59
