Name,freemartId,$,STC
pool,1000000001.0,21.6049151168918,42.0
Coolpaper#2615,1.0,0.6756062499999991,126.25
